,agent0,agent1,agent0_reward,agent1_reward,num_matches
0,1155160517,1155160517,-76.70269269596362,-75.33181306213267,20
